date	commit	first_window_ms	idle_cpu_pct	launch_to_review_ms	launch_to_start_ms	launch_to_window_ms	main_stall_max_ms	memory_mb	session_rescan_ms	session_scan_ms	tab_agents_first_ms	tab_agents_ms	tab_prs_first_ms	tab_prs_ms	tab_review_first_ms	tab_review_ms	token_count_warm_ms
2026-09-29T15:30	03cdaee	99.8	0.6	1070.1	290.3	669.3	858.4	114.2	5.5	422.9	221.8	53.7	74.2	28.1	26.7	21.8	3.2
2026-09-29T15:35	03cdaee+	111.1	0.6	1584.3	290.1	644.3	1093.7	207.3	5.2	970.5	218.6	50.1	73.1	27.5	22.4	20.8	0.3
2026-09-29T15:59	ee926ed+	53.3	0.6	1602.8	278.9	670.7	1241.7	250.6	3.9	529.8	192.5	46.7	65.5	24	19.1	16.9	0.3
2026-09-29T16:08	e0c0a1b+	89.1	0.5	995.3	233.3	528.9	466.9	149.3	4.8	230.9	170.9	44.3	73.5	22.9	17.2	15.7	0.2
2026-09-29T16:13	e0c0a1b+	95.8	0.6	1108	272.7	533.8	477.4	205.7	8.3	373.2	173.9	42.5	62.6	23.2	17.3	15.8	4.3
2026-09-29T16:39	e2c339e+	86.8	0.5	938.2	237.9	502.9	408.6	187.8	4.9	199.1	163.8	40.6	56.7	22.8	18	15.6	0.2
2026-09-29T17:06	85a5d90+	35.9	0.6	970.9	248.5	497.6	342.2	190.6	4.4	233.4	207.2	53.9	62.5	24.2	17.2	16.6	0.2
2026-09-29T17:22	e59c3ae+	41.2	0.6	1028.5	256.8	534.5	371	180.8	3.5	219.8	208.9	54.8	70.8	26.4	19.2	18.8	0.2
2026-10-01T10:20	0bf9c06	39	0.5	1054.4	272.8	487.5	453.1	265.3	4.9	306.3	180.7	43.6	71.3	24.6	10.9	8.8	0.2
